Seq #,Peptide start,Peptide end,Peptide,Percentile rank,Allele
5,29,37,KLDDVNAQV,0.01,HLA-A*02:01
2,995,1003,MLFGGLFSI,0.02,HLA-A*02:01
4,314,322,YLWHYPIIV,0.02,HLA-A*02:01
3,2240,2248,GLLGGVMTL,0.02,HLA-A*02:01
5,203,211,FIIGWQFYV,0.03,HLA-A*02:01
4,86,94,RLIPAVLFL,0.03,HLA-A*02:01
5,268,276,ILFGKYLEA,0.04,HLA-A*02:01
5,157,165,KLIKLIISA,0.05,HLA-A*02:01
1,11,19,KLGVGIASV,0.06,HLA-A*02:01
5,475,483,ILFKGGEFV,0.06,HLA-A*02:01
2,679,687,NLIELVDEL,0.06,HLA-A*02:01
4,338,346,YIIEILLTA,0.06,HLA-A*02:01
4,448,456,LLIGDSVMV,0.07,HLA-A*02:01
3,72,80,AVIGGAFTV,0.07,HLA-A*02:01
2,840,848,YQFGGHNSV,0.07,HLA-A*02:01
5,728,736,MLIPKAIYA,0.07,HLA-A*02:01
5,383,391,ALANIIKVV,0.07,HLA-A*02:01
5,631,639,QLHDMGIEV,0.09,HLA-A*02:01
5,125,133,KLVTRIQKL,0.09,HLA-A*02:01
5,153,161,ALQHKLIKL,0.09,HLA-A*02:01
5,576,584,LMADNDISL,0.09,HLA-A*02:01
2,566,574,YVDGYIETI,0.09,HLA-A*02:01
4,387,395,LLVPSIVVL,0.1,HLA-A*02:01
5,603,611,MLIAVNYSL,0.11,HLA-A*02:01
4,46,54,FLGVDTFFV,0.11,HLA-A*02:01
5,196,204,ILATPVQFI,0.11,HLA-A*02:01
4,478,486,QLVDATPIV,0.12,HLA-A*02:01
4,292,300,SLFAKFLSM,0.13,HLA-A*02:01
3,571,579,FTDVKAPTV,0.13,HLA-A*02:01
3,43,51,GLPFISHSL,0.15,HLA-A*02:01
5,766,774,LLAPWVAGA,0.15,HLA-A*02:01
4,586,594,ALTDLIVKT,0.17,HLA-A*02:01
5,255,263,HLYFETSAV,0.18,HLA-A*02:01
4,41,49,WLSGGFLGV,0.18,HLA-A*02:01
2,306,314,FIDPKTVQT,0.18,HLA-A*02:01
4,297,305,FLSMKPLLI,0.18,HLA-A*02:01
4,83,91,RLKRLIPAV,0.19,HLA-A*02:01
5,563,571,TIDHHHILV,0.2,HLA-A*02:01
3,659,667,VVDTTAPTV,0.21,HLA-A*02:01
4,190,198,GLMIVIHFI,0.21,HLA-A*02:01
5,722,730,ILGGDLMLI,0.21,HLA-A*02:01
2,153,161,QVAETQVEV,0.21,HLA-A*02:01
2,13,21,KLGAASVFL,0.22,HLA-A*02:01
2,304,312,NLFIDPKTV,0.22,HLA-A*02:01
5,775,783,AMALSSVSV,0.23,HLA-A*02:01
4,376,384,GQFARTVLV,0.23,HLA-A*02:01
4,331,339,GQIPVYVYI,0.24,HLA-A*02:01
3,11,19,SLANEKTRV,0.26,HLA-A*02:01
2,473,481,QMVGHPEQL,0.26,HLA-A*02:01
3,633,641,KIGQSTVTV,0.27,HLA-A*02:01
4,329,337,VQGQIPVYV,0.27,HLA-A*02:01
5,344,352,MLTGESIPV,0.27,HLA-A*02:01
3,2244,2252,GVMTLLVGL,0.28,HLA-A*02:01
3,82,90,MLHDQQAFA,0.31,HLA-A*02:01
3,2241,2249,LLGGVMTLL,0.31,HLA-A*02:01
3,1565,1573,TIASLSTSV,0.33,HLA-A*02:01
3,591,599,TMNPIVLTT,0.34,HLA-A*02:01
1,42,50,AQQNAFYQV,0.35,HLA-A*02:01
5,691,699,GVNDAPALV,0.35,HLA-A*02:01
5,610,618,SLTGIIAVA,0.35,HLA-A*02:01
4,321,329,IVFVNSYYV,0.35,HLA-A*02:01
2,287,295,FTNDIEDKV,0.37,HLA-A*02:01
5,609,617,YSLTGIIAV,0.37,HLA-A*02:01
2,860,868,GQNEGQQTI,0.39,HLA-A*02:01
5,440,448,LVASISVLV,0.4,HLA-A*02:01
4,159,167,LLFPLVITF,0.42,HLA-A*02:01
5,332,340,KIIKGMTAI,0.42,HLA-A*02:01
2,105,113,AQPANIETV,0.44,HLA-A*02:01
2,954,962,KVVTPVIEI,0.44,HLA-A*02:01
5,166,174,VLSLPLLML,0.44,HLA-A*02:01
5,92,100,KVLNKMDGV,0.45,HLA-A*02:01
5,420,428,ALLTFIVWI,0.45,HLA-A*02:01
3,1210,1218,FLSESLSES,0.45,HLA-A*02:01
4,267,275,WIYNGGFYI,0.46,HLA-A*02:01
4,102,110,TLIFKPELI,0.47,HLA-A*02:01
4,385,393,ILLLVPSIV,0.47,HLA-A*02:01
4,386,394,LLLVPSIVV,0.51,HLA-A*02:01
4,394,402,VLSGQFDAL,0.52,HLA-A*02:01
5,439,447,ALVASISVL,0.53,HLA-A*02:01
3,910,918,SLSDSTSNA,0.53,HLA-A*02:01
5,239,247,SIYEMVRWL,0.54,HLA-A*02:01
5,188,196,FTNPWFQFI,0.54,HLA-A*02:01
4,185,193,SLISLGLMI,0.55,HLA-A*02:01
5,161,169,LIISAVLSL,0.55,HLA-A*02:01
1,495,503,TVFGGLSLA,0.57,HLA-A*02:01
1,501,509,SLALGAALL,0.58,HLA-A*02:01
3,345,353,GLNGAAVGI,0.58,HLA-A*02:01
1,48,56,YQVLNMPNL,0.6,HLA-A*02:01
2,551,559,TLDIDYHTA,0.6,HLA-A*02:01
4,152,160,AIEEQFYLL,0.61,HLA-A*02:01
4,253,261,VLMTLFFIV,0.61,HLA-A*02:01
3,626,634,SIIGTPTKI,0.62,HLA-A*02:01
3,559,567,KMTNAGQSV,0.62,HLA-A*02:01
4,347,355,LMAEISYRF,0.62,HLA-A*02:01
5,382,390,TALANIIKV,0.63,HLA-A*02:01
4,140,148,FAIEPLKHL,0.63,HLA-A*02:01
3,395,403,FVTTDSYGV,0.64,HLA-A*02:01
4,151,159,LAIEEQFYL,0.65,HLA-A*02:01
3,253,261,AVTANTITV,0.66,HLA-A*02:01
1,455,463,NMIKPGQEL,0.68,HLA-A*02:01
5,721,729,TILGGDLML,0.7,HLA-A*02:01
4,178,186,IQTLFIVSL,0.71,HLA-A*02:01
5,299,307,ILKDGNEVM,0.72,HLA-A*02:01
4,336,344,YVYIIEILL,0.74,HLA-A*02:01
3,2228,2236,RLPDTGDSI,0.75,HLA-A*02:01
5,763,771,ALGLLAPWV,0.76,HLA-A*02:01
5,697,705,ALVKADIGI,0.76,HLA-A*02:01
5,178,186,HLFNMHIPA,0.77,HLA-A*02:01
3,487,495,GTFEYTESA,0.77,HLA-A*02:01
2,436,444,LQNNGSYSL,0.77,HLA-A*02:01
2,999,1007,GLFSILGLA,0.77,HLA-A*02:01
4,343,351,LLTALMAEI,0.77,HLA-A*02:01
4,510,518,FTKDQLNEL,0.77,HLA-A*02:01
3,580,588,TVGNQTIEV,0.77,HLA-A*02:01
2,389,397,NQNGNQPKV,0.78,HLA-A*02:01
3,209,217,SQSTTPSSV,0.8,HLA-A*02:01
4,384,392,VILLLVPSI,0.81,HLA-A*02:01
4,280,288,TLFIIAIAV,0.81,HLA-A*02:01
4,541,549,RINKLIYEA,0.82,HLA-A*02:01
2,18,26,SVFLGTMIV,0.84,HLA-A*02:01
2,297,305,VTAELEINL,0.85,HLA-A*02:01
1,196,204,NLLSEAKKL,0.86,HLA-A*02:01
5,298,306,RILKDGNEV,0.89,HLA-A*02:01
1,456,464,MIKPGQELV,0.9,HLA-A*02:01
4,312,320,SLYLWHYPI,0.91,HLA-A*02:01
5,386,394,NIIKVVEEA,0.91,HLA-A*02:01
3,276,284,ATYDQSTGI,0.91,HLA-A*02:01
5,171,179,LLMLMFVHL,0.94,HLA-A*02:01
5,165,173,AVLSLPLLM,0.95,HLA-A*02:01
3,2030,2038,SISGSQSTV,0.97,HLA-A*02:01
4,197,205,FITGDNSRV,0.97,HLA-A*02:01